1970365386,hcioq
4870058895,rjjwr
5266173707,yqoqm
1997775982,rnjwo
1767102234,lpmsr
8419246769,pxpad
5598294747,hlwul
7647037540,telfk
8918345804,xrbea
7036976637,bvxli
8048654178,gytap
2780534429,fnuip
7006324423,rpmzv
1596560997,ceghw
5625097851,fjogx
7116389220,glgcz
8290271366,llqbd
9270226622,sfnyu
5520497194,dygdm
4168351691,hocah
6523696968,wmahy
2165330686,upqfs
5980817542,jllqj
4558916789,cbrdy
5008767529,xrmjy
2824351340,oygie
8209635725,wybhw
5913038482,ucatc
9093008839,pgncw
4035488337,ecqnr
8219125976,pquip
7382849785,emtun
4043777502,inrft
3416285125,adpqx
3107015725,nqryp
1791168549,iliwg
6139871212,bryrt
3785353247,qouva
8592740180,kdokc
1019098816,nlbll
1191164680,zzzhx
8581938835,nfdaa
7363240056,whoza
5959298072,obasc
8472693375,dijvc
6310454552,bazmt
2907978868,qysix
4003749484,mgjup
7487843742,arcjv
1042121475,lffmv
9324060710,xknmr
3226689618,cvqzk
5009382571,uevnk
8135760810,qhfek
5576043750,elsxe
1937405379,pbunp
3522487111,fnmtd
4681513615,ybpnr
7657465337,incqf
9632204228,xolew
1499700374,ikboe
3029014919,quzcj
2839393819,iitzg
4123385195,fkvzt
1720976535,bjhbu
7410417687,vyuoq
5136263887,crtko
3049505084,lsjvc
7276469585,dcyic
7914732469,xuovk
5992690924,dlwmv
9670678850,bjbpv
5426007091,ufesc
7383127245,lfxda
5899010294,sdakb
3796191698,fqias
5974576482,cinhk
1036642324,nhnhl
3825807189,pxkov
5323998241,wajkh
7905709795,utdbg
8125186542,ywgpa
7137197192,ctvtc
7893595204,fkwln
1864030773,tikor
8245912857,akhag
2121823204,piohg
3489056753,osinm
1244386899,qtatu
8505013118,jthzz
9278749138,wnfsm
9039694823,lbnpy
6918559956,cqzni
5481452917,aycjo
4871790986,qklrg
1867625197,kmlun
4980969209,dzrjq
4388384172,wvgci
6538645055,gjhlt
5915332981,fwrio
9766686620,teehh
4355338649,mhisn
7095643351,ifkho
7342647846,cutob
5328113015,zwxpc
8157067373,pmccj
5480351738,czgue
6610433292,drlkf
1198364101,gqxsj
1428281397,yyaux
4611964397,gxsli
1095946259,cmbij
4050936807,yzehf
7645059823,bqlrp
3988130326,xetek
1751900388,klzkj
9028404857,nelvx
8349474469,mxtrj
2947598062,pgujv
1891326673,tjpia
7642718347,pvsgw
9985821046,rvdoh
3125583262,hccbj
4995670019,bqnwt
7700929289,szuum
9845561112,wdswv
6158952763,degub
8421400354,pyrht
1983177031,qjjjk
7462805706,erhjm
6419991367,cxsdc
5590869297,rpuew
1425232983,llwyh
6640096703,ufaol
1506466666,numee
7442065244,xvnuq
4983164731,dbfgf
2914429417,zovnt
5793688725,zfnti
9783502278,bjwjt
2878902287,tlfhj
6616078321,qbwou
2437694131,ixgox
6681133270,rmwrk
1068939853,ysxio
7747287614,lfzsd
3237834799,vcbfs
9147590222,nkguh
1785818234,zyrsi
7339766107,jmhum
4229914275,pjqpe
6108041627,usqgz
4996113216,kmbuy
5425742839,abfmu
9825984540,agsyz
3718011972,jhbpy
8755344948,lkgmr
1652528162,oecrw
9643560600,tzihi
4802914950,nayxe
6338725597,ekjgb
8769435283,ngxao
8848294689,qkodb
5687482590,ithoj
7615571880,rgsrx
6381255926,hoksd
9435215664,zyoyq
6403542189,fakvt
5882797764,gzgtj
5636729777,itxba
7562103131,ywijq
5684819593,ljcxg
6964854067,hmdgh
1325649002,irvra
3802492308,ettys
7952615717,cideb
2793445096,zdzqd
3298632230,dsoou
5209380078,pdznf
2644106638,ltjxh
5705327706,asvgx
3205177586,lzild
7864281058,bvyik
3339323085,eyppy
3840688187,zpvrq
7280358181,rhmlk
4335714172,jxyel
7179877000,dvwmr
8327897957,agfde
9158044331,skbxv
7286398820,smxfq
4055131093,hnuhw
6791331230,pical
2102741716,lxgjp
3180040451,uxhjc
6195033393,fnbwc
7538225738,kplzy
2582636775,dsdjx
2998665353,xeqdo
9095991437,puqnu
7713163359,ovhkh
2462586354,hpbes
8835057839,mpmrh
3624005677,eqyea
5519112011,eehde
9211189737,mhfke
2537473651,hsyxt
2023108466,nbgvq
3972172235,xswtl
5437717607,turrz
3429819009,ihcji
1415632067,gzvsx
3943224277,pmefa
5301262218,gaave
5745036852,bdwap
4163753681,ctxoe
3386564858,spilz
1125719800,bfnku
6600862757,bzhru
8415489172,whhny
7100548467,tgzmh
3538434200,dnise
1801754460,uvuwx
5923958254,cmxvk
8679795432,lmysv
4883228531,xbyaf
6710943973,vgmxs
7777786088,udbly
1612582994,nwjqq
6235889405,ogaiz
1119978832,nowww
2611862846,olzes
9596680653,gumca
2212491642,kxxiu
8715071558,eglji
1233524893,hlixy
6384619547,idckp
9110689092,gauzv
7879367428,pywgx
6285732040,kbvrf
3431058962,gikoi
4400727150,yaxch
6263253310,sjedt
5487844012,svrqa
2860724651,mcujw
5712179805,autxi
2321670260,gzvat
4383629730,exwlw
4285849036,ihahd
7832618637,snonw
8445398489,ujmak
8212471297,yqpgl
8299033190,nsrns
5020939882,xnhsp
8907640706,yjklx
4899611391,tsvbe
6920418164,ggiay
3870555245,srbut
2129384886,jqneb
4580891805,hhylu
3644169318,hzawu
9984800084,cvoor
7702068353,fwycm
7023207330,lmpmc
3341044020,lzjbe
2736140221,ootpy
7643307979,wirsk
4975070975,cglza
1852702853,vzfzf
4277983504,fwlbc
5360707033,blnoa
1328687635,hjerj
3686912605,lmajz
4046023108,xwdfn
8878736934,bqtfc
4415507755,xvogh
3143762596,akogs
5602016154,kkqjy
1820037442,ohtih
8974257371,szwdz
7610649528,dartb
9684410497,dfhwb
4747921488,jurfp
3466617972,pzrri
7081340184,dtmff
2090407683,fzbms
8407643973,auclx
8193902711,jpjdb
2902588692,ndhtg
6571270952,ujizf
8602813084,uapmc
1798669556,flxhu
6021999614,drfph
4209168395,axjxs
6074933163,smwbi
4134340442,vxwnh
3018378303,ubzbl
8270372063,enqnw
8475339740,nuyrk
2677797341,alflf
1081359209,juuad
5763714402,eupxc
5478547733,unmtr
6993691081,gxwnz
5439874218,lzfkq
3044647857,wvlcs
9070895754,ywmhq
3509070754,yyeuf
2502498179,fhzbs
6944834336,zhlud
1809520030,qtikg
1242723509,rpgnp
9365306179,dzrjk
9036740234,oqzxo
3491172273,kuthd
2488472549,nmcuw
2740648056,funtk
7371870853,spdiq
8049896534,hmxho
3940222781,aboyk
7851341115,ingbw
6397879933,pyhat
5400524134,gxqmt
9459798497,aalwz
6363312187,eczjp
3218846942,qcjev
8778200068,ivspn
2651564409,lsjpp
1502202921,zmjfo
9986633926,mmiat
1992757481,lrdgo
9785547695,lenia
2023006645,sgjbv
2099137641,iwpgs
7895577239,xcdim
9418844850,nlglg
1018419316,hfyry
6611875937,wckdo
7338327200,mgzrm
5995630988,zykzh
3483547674,nhpps
5267755284,rfomz
8735905348,wmxsf
5759509990,jdtct
5505041243,ymdsv
7304825802,fjsbq
3620054379,xovvu
8649786064,uzuaq
8989145498,bqiic
6486390117,gctjj
2605152505,bdvew
1886097882,pkdky
9848831957,zmonb
8726322554,bkafo
8128437960,qvyia
6552501824,bsrpv
7361825436,amxje
2099618420,iuilm
8661632823,nopkc
8677361443,yanqp
9067582110,jtrie
9248839215,hnnyn
4835058164,ytbqy
7932377865,znxim
9110361416,dmksz
4961276068,gtaum
1306672447,hefyc
4326709414,ikmmi
3941756026,zupiv
6994996084,rchew
6509499223,escoo
5042125661,zditm
8147792456,dplob
2819218681,sdubq
1435443482,kqbfg
5148544179,olcxh
9954750515,kxdld
5542773517,toryt
6109837171,jokik
1340995149,wnvpy
4878348149,twllg
6035216755,mrkzg
5128421149,ukmlr
2641993755,rdwmh
3419981911,lilqn
4916557539,plrvs
1772647486,wgeuz
2360098300,mvduk
1087405463,rtqtd
2619684740,vbalh
7744430543,ugdkr
5360874565,drsgf
9611831628,qgdsb
1320642879,uausz
5631778455,cikoj
1413566616,xjvgv
6469746553,onzxc
4133356990,vcurp
4916911599,pdmsj
4811932365,cmltl
7818389450,nhiri
4157313364,coqkx
5585754408,vhuxj
6013473206,hvnen
4641470752,edwjw
4395490677,gsqqr
6132749755,oopdd
6612399399,xcsal
5120829522,wetct
9845114628,orlrj
7611966762,qnpne
1595873543,hdmbp
4593987473,zysif
9043903138,oacsv
3523224795,dzzwo
8737969093,yjqyb
4852550639,evaey
9867340610,hiyob
7719575328,aaixs
2065819592,siphw
2805182491,fjojy
5066925273,pfpzv
5070965660,efixn
7510854503,nmckt
4955802484,dvgfs
6770395035,bansm
1394212084,vqnow
8454108392,uxzsk
5113521699,walzm
6250530871,bzrif
5364298532,bfhbt
8170282962,uitmh
6537308398,kgbwg
6361217619,nkbgf
6476709683,eyfzn
9843744291,jkxtp
5954896539,lboom
1398828889,einof
9805195705,ayecf
8650521598,vjeyy
6643786684,etwtz
2010337286,qvpae
8082283095,dybpv
2523795970,zzqxm
8615496912,uhyup
6216602367,gxnnu
3665098674,kjumc
2329937406,akdom
6550746144,dbmym
4164413161,ygvst
1989844213,osavl
5854942744,ddbyq
2901492489,xiaik
1860256674,kkope
6744040749,nyhhn
7624067398,xqlbz
2577858022,uuzxk
9630422179,yfagp
5722457633,jmqvm
8648244972,didxu
2717476108,gccwx
7774389290,jtxvi
5173268664,akbof
1531960752,gbddf
9798759681,xpxgf
4973158499,lgpam
1351443816,fvykb
2685179619,mgbrc
5342523244,lgnxf
5289672914,zjogj
3405862120,dyezi
7482871858,zkdwo
2903813293,phktc
9310367973,jmicf
3123009530,rmazf
6757615019,gfrit
7755941211,wcbbt
4971271352,pdgnn
7428625257,atixm
6512254316,mknpx
6751269420,cmknk
7369793735,kjbhp
7029055348,oqouw
5013028779,zpxsq
5507165521,kqtxx
8237361972,wapox
9214383770,kllve
1656920537,fnvkf
9929505946,avght
9492395368,pedmm
8848564793,fbwps
5746094024,yhcpf
4441425761,lpdcx
1251519742,eyyvg
5605273047,txmrw
2101548692,hhtgj
4859079066,zlzwc
1118816423,hngew
9639058871,omjbv
7273213976,mvcoh
4861218833,qrkwy
3553301831,pifma
4779463615,rswbb
4809529495,iiiou
8090907729,bkoho
6807526399,khflx
2336623621,hyblr
8060349937,zlbnk
2058994724,thtlb
4999739956,qouod
2955561790,dkdwp
8929072582,mxurc
5893475589,wujkc
8033037888,awmuw
2858363847,guaxo
7469784255,loutf
3190883771,ffvhv
9226931521,cxwdw
4390544346,qngfh
5314604448,fknip
7688878401,kfpjh
3242663310,zhsdw
4735259029,xtpbb
6471457084,kdvhx
6301992813,bshxk
3752942957,skdna
1197002160,ulphr
2437986216,rftaz
1181472428,hpuhs
2531215046,snpoi
2613458350,vswjo
5661086639,ndasr
5510179901,vyyee
9334310596,grzgp
9158712726,kilad
1911196035,zmikt
6474640816,wmciq
2653714276,sfjsr
7405668004,teiba
9551257277,ulotc
3317914421,phequ
1454474813,cxgcn
9081450117,atkgl
3496411571,vvlub
2068209371,osjtx
1206848925,tjpat
2280333889,smreb
8700842468,fysag
2406665035,hniwq
8321125447,qanql
7336758784,cafio
8606264485,ocjtm
5638129811,bqoox
5437488766,sflqz
6505198159,ekhyj
7607171406,ebwsg
9186626876,izhlz
4569676140,fsupe
4474179510,rbaxq
6871785323,egxac
3454914224,phcxl
1304793055,ybpxq
2768686705,vuxxp
7980945324,lbopv
2673784015,bcsnl
8430764476,vptsz
8383417393,pfpgl
6178723998,ygsof
8362266666,gznjk
7176973634,astsg
8118110780,lmffd
4484773341,zndkn
4530052233,mraav
5125700153,vdqym
8420809213,wlizd
9990864567,cusbj
9431835841,fxsep
9300718109,tymyx
5969590010,qelib
2530120791,lzisw
8659444128,ktchh
8994349769,loquu
1144748974,wfprt
7469027126,whesm
4001643026,duuro
1772069628,lkjwi
1486453401,gafxv
5421425118,wmxnr
9084498198,aeqhn
3840865056,rmubv
9732199413,lxvit
1366963398,qesrr
6321908778,pmcpf
6186918049,rfrqm
7819441613,wrixl
7578066079,ejlei
8395143307,qzozn
7984508922,veqwc
1627514195,rexdy
7349714433,ndarn
1544424073,xwubz
6311894237,vsccj
2805933654,eduij
4897142246,jbdhu
6864351759,mrlee
6392481998,apivp
2489755997,dfdvt
4105909097,rvrkt
2448020242,yyrua
6190366460,ryzjj
9059270807,rqorz
7353873493,ucihg
8786606073,lymjs
3838218069,yovpi
5079837431,lposm
3022406250,sdnmg
3458690270,gipxd
4183030216,szsda
8253631480,bxgjr
2389412704,xzoiw
1289953400,onypx
3196710352,uvtrg
2098940542,azadw
1672282519,oqgqw
4128647384,famgl
3292442166,dnhgh
3136007856,lwqsf
6929300687,wtokt
1216526838,hgyiv
3511931535,cyoxh
8377557208,itfau
6849027195,esghj
1161026845,drsdu
1251203042,dfgoh
8797366985,lcvog
7034178976,xbfjl
6613537292,cwoez
1529765160,irvrp
8432547478,mjxyh
7441143465,kfnuy
8809199295,hclho
2813800659,uuxiv
4981289412,elhcv
6654792475,xivrq
8482734438,lxzil
5355305178,cujws
1879099529,gmqle
3077626761,vdbti
4681180224,bxtvq
6688200652,mbenj
7287166007,cwzoz
6794792552,biyyb
8431003959,bvgcb
8513984647,xdkhd
7519692949,mplqu
5863285887,hwuro
4529734130,bhnsw
3803782436,zsvzf
7410729686,bxvsd
1285143002,jbesq
1686898545,sunag
3971291475,paskb
6608466490,hvjxw
2706105385,poxac
8669804625,wgior
5489601112,zrvde
9203376325,mqdtj
3550153167,imhac
2404044612,ktfgi
2344492433,mjerr
1787364875,sqtfp
4597666083,gclkx
2712003048,hktpk
7942815228,cdaik
2220135500,rcwqi
3773365550,ofirw
1752607567,sfvjg
4670087443,figgc
1794500518,jshiu
5888741805,wggrf
3533510824,omwxo
9240054372,zreyu
5932568883,tbqhg
1493977947,jujyn
8870582822,bbkdl
6620551445,rdezl
8017844184,dgjcr
4898396439,dbguz
8827006734,lzsln
5149085797,asrcx
3181461912,vbldp
1568927677,ucfod
2056023097,rjblh
7085007282,zkymm
1066256181,auhpj
7958079794,iojjv
8053034222,lzwtg
4470578097,xbdlj
9781544412,wnksq
8832132012,vsfri
6099234667,xjqia
1274403663,ktyfa
6957686055,zcsld
3854388713,zrxpt
3310707150,awauz
7550528760,hildc
3421846089,uphyp
2088316010,vjeuu
4383613470,qbndp
7008691740,vyyib
8796765786,tatml
3256465049,ahbii
9661444608,meycq
4860348548,mgsta
4057687756,qypjj
5189824663,hsegu
1077498849,meclx
8565961825,jfach
4125657335,yvdhm
4154327894,zgaah
1313295738,yevhj
8241020103,xrkhg
3335850666,vlgxy
1582759208,wiixe
6575522800,ccdiu
5194534858,cctso
6780187534,cgvio
9866678242,ttqbm
2034329444,fdjwt
9710673382,huidu
9888678027,votst
2926904954,psngs
3912106317,pkvxs
6693800400,vcodr
9307622608,jlpdn
4212775382,mequh
2441915971,jvylu
3748510477,ifuhd
5248662155,udxzx
2976500260,djoye
5142052193,guuhe
8054050116,nyemy
7005709103,cgeny
6741870664,fuxad
8500599553,fvyme
8428186587,mtyub
9896157103,iiqyj
1662328723,tyfre
1416880317,jsgwa
6260219566,swonu
6054492428,wcutk
2721122744,bunid
3720652797,grvlh
3630794028,mgxin
8223263893,pjqmu
7656196914,gkfrl
8421861352,ffhzq
7735101074,bidrv
2186106935,jnihm
9788235363,kypem
2556918432,ykgyl
3015343810,zivsd
5282986880,rdyfr
2584777744,lmrwb
5428263479,fxigj
1745435997,vweml
2562719686,gmtaj
4439927143,vskgb
6782975199,eugsk
2692464638,lmoun
5787931967,dhupu
1510795056,usznk
3301061201,tclmd
8120207678,lrvwn
2566759817,paazx
5961470120,usxjq
2413347149,egabl
2770124863,jdemt
9780696242,ebktj
3725528333,tawnt
7869825603,rleep
2292350428,atxpx
8743982291,jwldm
9491724605,geuph
9304387971,ktcfy
6057077907,qgnzb
7109686675,mensi
2265413544,vjivm
4891005966,fjtqc
8064356645,hsdpl
6451160411,vzemk
7524516050,awlog
1250937300,xphkh
6525873614,tmjxq
2973302604,gdxtp
6135810348,ahvnq
1169801351,seuaw
1361213589,yhafm
5496885266,eghcd
4029912165,wmlre
7841205257,bptwz
2624181269,agsqs
5190639171,iblyt
6068107907,suwnk
1136026487,ozuby
5816919503,njmis
9657721897,yubxj
4274148774,vhmln
2442002727,ertzn
1569468543,fswuc
6740150151,qvwyv
7624446814,jbiab
8301229536,vpycn
8146160425,hdowe
9982886970,dvlha
6074038536,rgfxg
9956890167,acoso
5078542211,gccdp
3029700444,zqbem
7503075445,ahheb
3112736115,owrzg
2483259690,rvtcp
2756632427,feljd
4652237059,optyp
2400953126,eeilf
2618275116,epiri
7134125776,wcneh
2141941902,ooyaf
8950283031,acmzr
3564213083,vqftf
3614273147,luavc
5174923163,hjyfc
6338757564,yggcb
5994011059,irunt
3375434241,kzeaf
9564532172,rtnjk
5266054452,xmnzj
6201006135,lrazl
3330547566,zfmnc
4489202341,amlty
7980916879,shpmr
3160359628,avdnk
4310944633,zrghu
1242162895,hotad
9309070827,lxqnx
4570248010,amjdj
5404234672,wubeu
4580673024,hsqnt
8688947490,obvsm
7719100438,xebyw
8281673689,xamcv
2829245361,zypkh
3529884195,iaixe
5699157281,ztxih
2627696791,aqkte
9439671843,xfzgb
9300804885,vxulq
5787928485,yajra
6790394043,tmnvd
2679433770,fhmmu
7108080195,plzlh
6257416647,yfllq
8882174283,xwnyh
1956726586,ebwyo
4615372704,fijon
8172753311,ybmoh
1781921020,heflw
2786716459,udfig
7003533189,tutsp
7849275447,fbogs
7244449006,yqrkn
9210409247,recxo
3551489930,boqyw
8395144233,crjtu
5073429407,mgyml
6489063529,gvxje
1559993010,wshkh
9876553399,qyqmr
5099620476,vyqmz
7921935018,omifc
9827451170,cagoy
6158209528,ygohg
6060383085,wrgls
1750260494,xtdvj
3518250349,zmxgo
4308165664,hhans
1740286242,qqfpc
7532745720,kxdnc
4408609930,wefqq
8282490069,vofbj
5258376149,glixt
4773730562,nssww
9370858761,enddk
6295757736,zpraq
1868245401,cmyzu
3676846534,vnyea
1323675634,sejsz
3133610035,szlxj
6510105308,hotwp
6595213119,imoga
7259968831,qogtx
9342092489,mtaoz
3161877226,jgxyp
6220757233,pxttj
8930395305,qbrow
7567286105,xwryu
3067763997,vqwbk
1893905449,kxzrj
4953752289,vddmy
1349275995,glqvr
1685125267,olzky
2830746233,zuium
2921963463,ufrlm
1007710595,itsjg
5017910832,bupzz
7518447201,guecy
3911825324,kzvxo
5341738153,uuvwt
5873198881,pegob
9240057256,hkeqy
8176313660,rlwdy
4662149761,ggkuc
4887791238,iovtw
3902573381,bwrko
5534441038,nfsds
4578025816,sfchw
5213673566,lfpne
9343337249,yweoh
7258680858,ztxxt
4798293133,zuhnn
2011031344,qtmoh
9706698435,ibkvp
6267539250,rljnn
7236896889,zfhpy
4131832066,mbahr
1453481816,ftazc
1484603242,uvuyk
4375788085,nhqdz
6735283852,jtony
9067515704,udtom
8146838461,lvfbr
5866482913,rtryt
9877837025,bzpve
4548909119,zxcni
2425891017,mlehn
4677505473,srhxb
9208389889,vvkgj
2930640058,jgsgk
8478343704,sqzvx
3563192729,ztkjw
5115858479,rjtwu
9740072808,uvsxm
8512487908,hxkcf
4188475775,hodkr
7889812637,zgaif
7702432368,dryus
6614457232,qaell
7084338952,dwrwj
8903882726,xxhfo
2182367204,xkzia
5143893326,qqdcz
7332213737,hrvul
5700362271,todei
5894202081,pflry
8847732270,snoef
9474079382,fvnhw
8688194820,kctbu
5640917310,ynlfc
7246007025,tudum
7938304867,kmunl
6978702356,bjyzq
7925197253,bqdfl
8314447040,tcjal
7360720332,zqati
7141603153,ksjyg
4384351654,lgpht
7282614707,hogbk
6018840029,gwout
3015696746,chesx
1091838958,tuvwv
2175780367,hcyjm
3508236674,imluz
9599440162,sxoci
3327778091,fzpeo
8438148650,plggo
1247845766,glcth
9880187767,mmzgx
7735269190,cfpsc
2712130850,flpex
4426628384,jkkep
6939960785,brkss
2168983225,lydwk
5903334704,karek
8145999500,zakqw
5249194742,rfepx
8099737685,kvxwx
8396984812,zfjnj
2610252170,mmmcp
6356533741,konpk
4128904333,dbbfm
