1007710595,itsjg
1018419316,hfyry
1019098816,nlbll
1036642324,nhnhl
1042121475,lffmv
1066256181,auhpj
1068939853,ysxio
1077498849,meclx
1081359209,juuad
1087405463,rtqtd
1091838958,tuvwv
1095946259,cmbij
1118816423,hngew
1119978832,nowww
1125719800,bfnku
1136026487,ozuby
1144748974,wfprt
1161026845,drsdu
1169801351,seuaw
1181472428,hpuhs
1191164680,zzzhx
1197002160,ulphr
1198364101,gqxsj
1206848925,tjpat
1216526838,hgyiv
1233524893,hlixy
1242162895,hotad
1242723509,rpgnp
1244386899,qtatu
1247845766,glcth
1250937300,xphkh
1251203042,dfgoh
1251519742,eyyvg
1274403663,ktyfa
1285143002,jbesq
1289953400,onypx
1304793055,ybpxq
1306672447,hefyc
1313295738,yevhj
1320642879,uausz
1323675634,sejsz
1325649002,irvra
1328687635,hjerj
1340995149,wnvpy
1349275995,glqvr
1351443816,fvykb
1361213589,yhafm
1366963398,qesrr
1394212084,vqnow
1398828889,einof
1413566616,xjvgv
1415632067,gzvsx
1416880317,jsgwa
1425232983,llwyh
1428281397,yyaux
1435443482,kqbfg
1453481816,ftazc
1454474813,cxgcn
1484603242,uvuyk
1486453401,gafxv
1493977947,jujyn
1499700374,ikboe
1502202921,zmjfo
1506466666,numee
1510795056,usznk
1529765160,irvrp
1531960752,gbddf
1544424073,xwubz
1559993010,wshkh
1568927677,ucfod
1569468543,fswuc
1582759208,wiixe
1595873543,hdmbp
1596560997,ceghw
1612582994,nwjqq
1627514195,rexdy
1652528162,oecrw
1656920537,fnvkf
1662328723,tyfre
1672282519,oqgqw
1685125267,olzky
1686898545,sunag
1720976535,bjhbu
1740286242,qqfpc
1745435997,vweml
1750260494,xtdvj
1751900388,klzkj
1752607567,sfvjg
1767102234,lpmsr
1772069628,lkjwi
1772647486,wgeuz
1781921020,heflw
1785818234,zyrsi
1787364875,sqtfp
1791168549,iliwg
1794500518,jshiu
1798669556,flxhu
1801754460,uvuwx
1809520030,qtikg
1820037442,ohtih
1852702853,vzfzf
1860256674,kkope
1864030773,tikor
1867625197,kmlun
1868245401,cmyzu
1879099529,gmqle
1886097882,pkdky
1891326673,tjpia
1893905449,kxzrj
1911196035,zmikt
1937405379,pbunp
1956726586,ebwyo
1970365386,hcioq
1983177031,qjjjk
1989844213,osavl
1992757481,lrdgo
1997775982,rnjwo
2010337286,qvpae
2011031344,qtmoh
2023006645,sgjbv
2023108466,nbgvq
2034329444,fdjwt
2056023097,rjblh
2058994724,thtlb
2065819592,siphw
2068209371,osjtx
2088316010,vjeuu
2090407683,fzbms
2098940542,azadw
2099137641,iwpgs
2099618420,iuilm
2101548692,hhtgj
2102741716,lxgjp
2121823204,piohg
2129384886,jqneb
2141941902,ooyaf
2165330686,upqfs
2168983225,lydwk
2175780367,hcyjm
2182367204,xkzia
2186106935,jnihm
2212491642,kxxiu
2220135500,rcwqi
2265413544,vjivm
2280333889,smreb
2292350428,atxpx
2321670260,gzvat
2329937406,akdom
2336623621,hyblr
2344492433,mjerr
2360098300,mvduk
2389412704,xzoiw
2400953126,eeilf
2404044612,ktfgi
2406665035,hniwq
2413347149,egabl
2425891017,mlehn
2437694131,ixgox
2437986216,rftaz
2441915971,jvylu
2442002727,ertzn
2448020242,yyrua
2462586354,hpbes
2483259690,rvtcp
2488472549,nmcuw
2489755997,dfdvt
2502498179,fhzbs
2523795970,zzqxm
2530120791,lzisw
2531215046,snpoi
2537473651,hsyxt
2556918432,ykgyl
2562719686,gmtaj
2566759817,paazx
2577858022,uuzxk
2582636775,dsdjx
2584777744,lmrwb
2605152505,bdvew
2610252170,mmmcp
2611862846,olzes
2613458350,vswjo
2618275116,epiri
2619684740,vbalh
2624181269,agsqs
2627696791,aqkte
2641993755,rdwmh
2644106638,ltjxh
2651564409,lsjpp
2653714276,sfjsr
2673784015,bcsnl
2677797341,alflf
2679433770,fhmmu
2685179619,mgbrc
2692464638,lmoun
2706105385,poxac
2712003048,hktpk
2712130850,flpex
2717476108,gccwx
2721122744,bunid
2736140221,ootpy
2740648056,funtk
2756632427,feljd
2768686705,vuxxp
2770124863,jdemt
2780534429,fnuip
2786716459,udfig
2793445096,zdzqd
2805182491,fjojy
2805933654,eduij
2813800659,uuxiv
2819218681,sdubq
2824351340,oygie
2829245361,zypkh
2830746233,zuium
2839393819,iitzg
2858363847,guaxo
2860724651,mcujw
2878902287,tlfhj
2901492489,xiaik
2902588692,ndhtg
2903813293,phktc
2907978868,qysix
2914429417,zovnt
2921963463,ufrlm
2926904954,psngs
2930640058,jgsgk
2947598062,pgujv
2955561790,dkdwp
2973302604,gdxtp
2976500260,djoye
2998665353,xeqdo
3015343810,zivsd
3015696746,chesx
3018378303,ubzbl
3022406250,sdnmg
3029014919,quzcj
3029700444,zqbem
3044647857,wvlcs
3049505084,lsjvc
3067763997,vqwbk
3077626761,vdbti
3107015725,nqryp
3112736115,owrzg
3123009530,rmazf
3125583262,hccbj
3133610035,szlxj
3136007856,lwqsf
3143762596,akogs
3160359628,avdnk
3161877226,jgxyp
3180040451,uxhjc
3181461912,vbldp
3190883771,ffvhv
3196710352,uvtrg
3205177586,lzild
3218846942,qcjev
3226689618,cvqzk
3237834799,vcbfs
3242663310,zhsdw
3256465049,ahbii
3292442166,dnhgh
3298632230,dsoou
3301061201,tclmd
3310707150,awauz
3317914421,phequ
3327778091,fzpeo
3330547566,zfmnc
3335850666,vlgxy
3339323085,eyppy
3341044020,lzjbe
3375434241,kzeaf
3386564858,spilz
3405862120,dyezi
3416285125,adpqx
3419981911,lilqn
3421846089,uphyp
3429819009,ihcji
3431058962,gikoi
3454914224,phcxl
3458690270,gipxd
3466617972,pzrri
3483547674,nhpps
3489056753,osinm
3491172273,kuthd
3496411571,vvlub
3508236674,imluz
3509070754,yyeuf
3511931535,cyoxh
3518250349,zmxgo
3522487111,fnmtd
3523224795,dzzwo
3529884195,iaixe
3533510824,omwxo
3538434200,dnise
3550153167,imhac
3551489930,boqyw
3553301831,pifma
3563192729,ztkjw
3564213083,vqftf
3614273147,luavc
3620054379,xovvu
3624005677,eqyea
3630794028,mgxin
3644169318,hzawu
3665098674,kjumc
3676846534,vnyea
3686912605,lmajz
3718011972,jhbpy
3720652797,grvlh
3725528333,tawnt
3748510477,ifuhd
3752942957,skdna
3773365550,ofirw
3785353247,qouva
3796191698,fqias
3802492308,ettys
3803782436,zsvzf
3825807189,pxkov
3838218069,yovpi
3840688187,zpvrq
3840865056,rmubv
3854388713,zrxpt
3870555245,srbut
3902573381,bwrko
3911825324,kzvxo
3912106317,pkvxs
3940222781,aboyk
3941756026,zupiv
3943224277,pmefa
3971291475,paskb
3972172235,xswtl
3988130326,xetek
4001643026,duuro
4003749484,mgjup
4029912165,wmlre
4035488337,ecqnr
4043777502,inrft
4046023108,xwdfn
4050936807,yzehf
4055131093,hnuhw
4057687756,qypjj
4105909097,rvrkt
4123385195,fkvzt
4125657335,yvdhm
4128647384,famgl
4128904333,dbbfm
4131832066,mbahr
4133356990,vcurp
4134340442,vxwnh
4154327894,zgaah
4157313364,coqkx
4163753681,ctxoe
4164413161,ygvst
4168351691,hocah
4183030216,szsda
4188475775,hodkr
4209168395,axjxs
4212775382,mequh
4229914275,pjqpe
4274148774,vhmln
4277983504,fwlbc
4285849036,ihahd
4308165664,hhans
4310944633,zrghu
4326709414,ikmmi
4335714172,jxyel
4355338649,mhisn
4375788085,nhqdz
4383613470,qbndp
4383629730,exwlw
4384351654,lgpht
4388384172,wvgci
4390544346,qngfh
4395490677,gsqqr
4400727150,yaxch
4408609930,wefqq
4415507755,xvogh
4426628384,jkkep
4439927143,vskgb
4441425761,lpdcx
4470578097,xbdlj
4474179510,rbaxq
4484773341,zndkn
4489202341,amlty
4529734130,bhnsw
4530052233,mraav
4548909119,zxcni
4558916789,cbrdy
4569676140,fsupe
4570248010,amjdj
4578025816,sfchw
4580673024,hsqnt
4580891805,hhylu
4593987473,zysif
4597666083,gclkx
4611964397,gxsli
4615372704,fijon
4641470752,edwjw
4652237059,optyp
4662149761,ggkuc
4670087443,figgc
4677505473,srhxb
4681180224,bxtvq
4681513615,ybpnr
4735259029,xtpbb
4747921488,jurfp
4773730562,nssww
4779463615,rswbb
4798293133,zuhnn
4802914950,nayxe
4809529495,iiiou
4811932365,cmltl
4835058164,ytbqy
4852550639,evaey
4859079066,zlzwc
4860348548,mgsta
4861218833,qrkwy
4870058895,rjjwr
4871790986,qklrg
4878348149,twllg
4883228531,xbyaf
4887791238,iovtw
4891005966,fjtqc
4897142246,jbdhu
4898396439,dbguz
4899611391,tsvbe
4916557539,plrvs
4916911599,pdmsj
4953752289,vddmy
4955802484,dvgfs
4961276068,gtaum
4971271352,pdgnn
4973158499,lgpam
4975070975,cglza
4980969209,dzrjq
4981289412,elhcv
4983164731,dbfgf
4995670019,bqnwt
4996113216,kmbuy
4999739956,qouod
5008767529,xrmjy
5009382571,uevnk
5013028779,zpxsq
5017910832,bupzz
5020939882,xnhsp
5042125661,zditm
5066925273,pfpzv
5070965660,efixn
5073429407,mgyml
5078542211,gccdp
5079837431,lposm
5099620476,vyqmz
5113521699,walzm
5115858479,rjtwu
5120829522,wetct
5125700153,vdqym
5128421149,ukmlr
5136263887,crtko
5142052193,guuhe
5143893326,qqdcz
5148544179,olcxh
5149085797,asrcx
5173268664,akbof
5174923163,hjyfc
5189824663,hsegu
5190639171,iblyt
5194534858,cctso
5209380078,pdznf
5213673566,lfpne
5248662155,udxzx
5249194742,rfepx
5258376149,glixt
5266054452,xmnzj
5266173707,yqoqm
5267755284,rfomz
5282986880,rdyfr
5289672914,zjogj
5301262218,gaave
5314604448,fknip
5323998241,wajkh
5328113015,zwxpc
5341738153,uuvwt
5342523244,lgnxf
5355305178,cujws
5360707033,blnoa
5360874565,drsgf
5364298532,bfhbt
5400524134,gxqmt
5404234672,wubeu
5421425118,wmxnr
5425742839,abfmu
5426007091,ufesc
5428263479,fxigj
5437488766,sflqz
5437717607,turrz
5439874218,lzfkq
5478547733,unmtr
5480351738,czgue
5481452917,aycjo
5487844012,svrqa
5489601112,zrvde
5496885266,eghcd
5505041243,ymdsv
5507165521,kqtxx
5510179901,vyyee
5519112011,eehde
5520497194,dygdm
5534441038,nfsds
5542773517,toryt
5576043750,elsxe
5585754408,vhuxj
5590869297,rpuew
5598294747,hlwul
5602016154,kkqjy
5605273047,txmrw
5625097851,fjogx
5631778455,cikoj
5636729777,itxba
5638129811,bqoox
5640917310,ynlfc
5661086639,ndasr
5684819593,ljcxg
5687482590,ithoj
5699157281,ztxih
5700362271,todei
5705327706,asvgx
5712179805,autxi
5722457633,jmqvm
5745036852,bdwap
5746094024,yhcpf
5759509990,jdtct
5763714402,eupxc
5787928485,yajra
5787931967,dhupu
5793688725,zfnti
5816919503,njmis
5854942744,ddbyq
5863285887,hwuro
5866482913,rtryt
5873198881,pegob
5882797764,gzgtj
5888741805,wggrf
5893475589,wujkc
5894202081,pflry
5899010294,sdakb
5903334704,karek
5913038482,ucatc
5915332981,fwrio
5923958254,cmxvk
5932568883,tbqhg
5954896539,lboom
5959298072,obasc
5961470120,usxjq
5969590010,qelib
5974576482,cinhk
5980817542,jllqj
5992690924,dlwmv
5994011059,irunt
5995630988,zykzh
6013473206,hvnen
6018840029,gwout
6021999614,drfph
6035216755,mrkzg
6054492428,wcutk
6057077907,qgnzb
6060383085,wrgls
6068107907,suwnk
6074038536,rgfxg
6074933163,smwbi
6099234667,xjqia
6108041627,usqgz
6109837171,jokik
6132749755,oopdd
6135810348,ahvnq
6139871212,bryrt
6158209528,ygohg
6158952763,degub
6178723998,ygsof
6186918049,rfrqm
6190366460,ryzjj
6195033393,fnbwc
6201006135,lrazl
6216602367,gxnnu
6220757233,pxttj
6235889405,ogaiz
6250530871,bzrif
6257416647,yfllq
6260219566,swonu
6263253310,sjedt
6267539250,rljnn
6285732040,kbvrf
6295757736,zpraq
6301992813,bshxk
6310454552,bazmt
6311894237,vsccj
6321908778,pmcpf
6338725597,ekjgb
6338757564,yggcb
6356533741,konpk
6361217619,nkbgf
6363312187,eczjp
6381255926,hoksd
6384619547,idckp
6392481998,apivp
6397879933,pyhat
6403542189,fakvt
6419991367,cxsdc
6451160411,vzemk
6469746553,onzxc
6471457084,kdvhx
6474640816,wmciq
6476709683,eyfzn
6486390117,gctjj
6489063529,gvxje
6505198159,ekhyj
6509499223,escoo
6510105308,hotwp
6512254316,mknpx
6523696968,wmahy
6525873614,tmjxq
6537308398,kgbwg
6538645055,gjhlt
6550746144,dbmym
6552501824,bsrpv
6571270952,ujizf
6575522800,ccdiu
6595213119,imoga
6600862757,bzhru
6608466490,hvjxw
6610433292,drlkf
6611875937,wckdo
6612399399,xcsal
6613537292,cwoez
6614457232,qaell
6616078321,qbwou
6620551445,rdezl
6640096703,ufaol
6643786684,etwtz
6654792475,xivrq
6681133270,rmwrk
6688200652,mbenj
6693800400,vcodr
6710943973,vgmxs
6735283852,jtony
6740150151,qvwyv
6741870664,fuxad
6744040749,nyhhn
6751269420,cmknk
6757615019,gfrit
6770395035,bansm
6780187534,cgvio
6782975199,eugsk
6790394043,tmnvd
6791331230,pical
6794792552,biyyb
6807526399,khflx
6849027195,esghj
6864351759,mrlee
6871785323,egxac
6918559956,cqzni
6920418164,ggiay
6929300687,wtokt
6939960785,brkss
6944834336,zhlud
6957686055,zcsld
6964854067,hmdgh
6978702356,bjyzq
6993691081,gxwnz
6994996084,rchew
7003533189,tutsp
7005709103,cgeny
7006324423,rpmzv
7008691740,vyyib
7023207330,lmpmc
7029055348,oqouw
7034178976,xbfjl
7036976637,bvxli
7081340184,dtmff
7084338952,dwrwj
7085007282,zkymm
7095643351,ifkho
7100548467,tgzmh
7108080195,plzlh
7109686675,mensi
7116389220,glgcz
7134125776,wcneh
7137197192,ctvtc
7141603153,ksjyg
7176973634,astsg
7179877000,dvwmr
7236896889,zfhpy
7244449006,yqrkn
7246007025,tudum
7258680858,ztxxt
7259968831,qogtx
7273213976,mvcoh
7276469585,dcyic
7280358181,rhmlk
7282614707,hogbk
7286398820,smxfq
7287166007,cwzoz
7304825802,fjsbq
7332213737,hrvul
7336758784,cafio
7338327200,mgzrm
7339766107,jmhum
7342647846,cutob
7349714433,ndarn
7353873493,ucihg
7360720332,zqati
7361825436,amxje
7363240056,whoza
7369793735,kjbhp
7371870853,spdiq
7382849785,emtun
7383127245,lfxda
7405668004,teiba
7410417687,vyuoq
7410729686,bxvsd
7428625257,atixm
7441143465,kfnuy
7442065244,xvnuq
7462805706,erhjm
7469027126,whesm
7469784255,loutf
7482871858,zkdwo
7487843742,arcjv
7503075445,ahheb
7510854503,nmckt
7518447201,guecy
7519692949,mplqu
7524516050,awlog
7532745720,kxdnc
7538225738,kplzy
7550528760,hildc
7562103131,ywijq
7567286105,xwryu
7578066079,ejlei
7607171406,ebwsg
7610649528,dartb
7611966762,qnpne
7615571880,rgsrx
7624067398,xqlbz
7624446814,jbiab
7642718347,pvsgw
7643307979,wirsk
7645059823,bqlrp
7647037540,telfk
7656196914,gkfrl
7657465337,incqf
7688878401,kfpjh
7700929289,szuum
7702068353,fwycm
7702432368,dryus
7713163359,ovhkh
7719100438,xebyw
7719575328,aaixs
7735101074,bidrv
7735269190,cfpsc
7744430543,ugdkr
7747287614,lfzsd
7755941211,wcbbt
7774389290,jtxvi
7777786088,udbly
7818389450,nhiri
7819441613,wrixl
7832618637,snonw
7841205257,bptwz
7849275447,fbogs
7851341115,ingbw
7864281058,bvyik
7869825603,rleep
7879367428,pywgx
7889812637,zgaif
7893595204,fkwln
7895577239,xcdim
7905709795,utdbg
7914732469,xuovk
7921935018,omifc
7925197253,bqdfl
7932377865,znxim
7938304867,kmunl
7942815228,cdaik
7952615717,cideb
7958079794,iojjv
7980916879,shpmr
7980945324,lbopv
7984508922,veqwc
8017844184,dgjcr
8033037888,awmuw
8048654178,gytap
8049896534,hmxho
8053034222,lzwtg
8054050116,nyemy
8060349937,zlbnk
8064356645,hsdpl
8082283095,dybpv
8090907729,bkoho
8099737685,kvxwx
8118110780,lmffd
8120207678,lrvwn
8125186542,ywgpa
8128437960,qvyia
8135760810,qhfek
8145999500,zakqw
8146160425,hdowe
8146838461,lvfbr
8147792456,dplob
8157067373,pmccj
8170282962,uitmh
8172753311,ybmoh
8176313660,rlwdy
8193902711,jpjdb
8209635725,wybhw
8212471297,yqpgl
8219125976,pquip
8223263893,pjqmu
8237361972,wapox
8241020103,xrkhg
8245912857,akhag
8253631480,bxgjr
8270372063,enqnw
8281673689,xamcv
8282490069,vofbj
8290271366,llqbd
8299033190,nsrns
8301229536,vpycn
8314447040,tcjal
8321125447,qanql
8327897957,agfde
8349474469,mxtrj
8362266666,gznjk
8377557208,itfau
8383417393,pfpgl
8395143307,qzozn
8395144233,crjtu
8396984812,zfjnj
8407643973,auclx
8415489172,whhny
8419246769,pxpad
8420809213,wlizd
8421400354,pyrht
8421861352,ffhzq
8428186587,mtyub
8430764476,vptsz
8431003959,bvgcb
8432547478,mjxyh
8438148650,plggo
8445398489,ujmak
8454108392,uxzsk
8472693375,dijvc
8475339740,nuyrk
8478343704,sqzvx
8482734438,lxzil
8500599553,fvyme
8505013118,jthzz
8512487908,hxkcf
8513984647,xdkhd
8565961825,jfach
8581938835,nfdaa
8592740180,kdokc
8602813084,uapmc
8606264485,ocjtm
8615496912,uhyup
8648244972,didxu
8649786064,uzuaq
8650521598,vjeyy
8659444128,ktchh
8661632823,nopkc
8669804625,wgior
8677361443,yanqp
8679795432,lmysv
8688194820,kctbu
8688947490,obvsm
8700842468,fysag
8715071558,eglji
8726322554,bkafo
8735905348,wmxsf
8737969093,yjqyb
8743982291,jwldm
8755344948,lkgmr
8769435283,ngxao
8778200068,ivspn
8786606073,lymjs
8796765786,tatml
8797366985,lcvog
8809199295,hclho
8827006734,lzsln
8832132012,vsfri
8835057839,mpmrh
8847732270,snoef
8848294689,qkodb
8848564793,fbwps
8870582822,bbkdl
8878736934,bqtfc
8882174283,xwnyh
8903882726,xxhfo
8907640706,yjklx
8918345804,xrbea
8929072582,mxurc
8930395305,qbrow
8950283031,acmzr
8974257371,szwdz
8989145498,bqiic
8994349769,loquu
9028404857,nelvx
9036740234,oqzxo
9039694823,lbnpy
9043903138,oacsv
9059270807,rqorz
9067515704,udtom
9067582110,jtrie
9070895754,ywmhq
9081450117,atkgl
9084498198,aeqhn
9093008839,pgncw
9095991437,puqnu
9110361416,dmksz
9110689092,gauzv
9147590222,nkguh
9158044331,skbxv
9158712726,kilad
9186626876,izhlz
9203376325,mqdtj
9208389889,vvkgj
9210409247,recxo
9211189737,mhfke
9214383770,kllve
9226931521,cxwdw
9240054372,zreyu
9240057256,hkeqy
9248839215,hnnyn
9270226622,sfnyu
9278749138,wnfsm
9300718109,tymyx
9300804885,vxulq
9304387971,ktcfy
9307622608,jlpdn
9309070827,lxqnx
9310367973,jmicf
9324060710,xknmr
9334310596,grzgp
9342092489,mtaoz
9343337249,yweoh
9365306179,dzrjk
9370858761,enddk
9418844850,nlglg
9431835841,fxsep
9435215664,zyoyq
9439671843,xfzgb
9459798497,aalwz
9474079382,fvnhw
9491724605,geuph
9492395368,pedmm
9551257277,ulotc
9564532172,rtnjk
9596680653,gumca
9599440162,sxoci
9611831628,qgdsb
9630422179,yfagp
9632204228,xolew
9639058871,omjbv
9643560600,tzihi
9657721897,yubxj
9661444608,meycq
9670678850,bjbpv
9684410497,dfhwb
9706698435,ibkvp
9710673382,huidu
9732199413,lxvit
9740072808,uvsxm
9766686620,teehh
9780696242,ebktj
9781544412,wnksq
9783502278,bjwjt
9785547695,lenia
9788235363,kypem
9798759681,xpxgf
9805195705,ayecf
9825984540,agsyz
9827451170,cagoy
9843744291,jkxtp
9845114628,orlrj
9845561112,wdswv
9848831957,zmonb
9866678242,ttqbm
9867340610,hiyob
9876553399,qyqmr
9877837025,bzpve
9880187767,mmzgx
9888678027,votst
9896157103,iiqyj
9929505946,avght
9954750515,kxdld
9956890167,acoso
9982886970,dvlha
9984800084,cvoor
9985821046,rvdoh
9986633926,mmiat
9990864567,cusbj
